,e_cblp,e_cp,e_cparhdr,e_maxalloc,e_sp,e_lfanew,NumberOfSections,CreationYear,FH_char0,FH_char1,FH_char2,FH_char3,FH_char4,FH_char5,FH_char6,FH_char7,FH_char8,FH_char9,FH_char10,FH_char11,FH_char12,FH_char13,FH_char14,MajorLinkerVersion,MinorLinkerVersion,SizeOfCode,SizeOfInitializedData,SizeOfUninitializedData,AddressOfEntryPoint,BaseOfCode,BaseOfData,ImageBase,SectionAlignment,FileAlignment,MajorOperatingSystemVersion,MinorOperatingSystemVersion,MajorImageVersion,MinorImageVersion,MajorSubsystemVersion,MinorSubsystemVersion,SizeOfImage,SizeOfHeaders,CheckSum,Subsystem,OH_DLLchar0,OH_DLLchar1,OH_DLLchar2,OH_DLLchar3,OH_DLLchar4,OH_DLLchar5,OH_DLLchar6,OH_DLLchar7,OH_DLLchar8,OH_DLLchar9,OH_DLLchar10,SizeOfStackReserve,SizeOfStackCommit,SizeOfHeapReserve,SizeOfHeapCommit,LoaderFlags,sus_sections,non_sus_sections,packer,packer_type,E_text,E_data,filesize,E_file,class,fileinfo
0,80,2,4,0.1961161351381838,0.19611613513818388,256,8,0,1,1,1,1,0,0,1,1,0,0,0,0,0,0,1,2,25,-0.34085896444611574,-0.16105345840459886,-0.16525095987479674,-0.24216794695792038,-0.1636622188632721,-0.2660396234340931,1,1,1,1,0,-0.16315859055321313,0,4,0,1,1,-0.4266063921330201,2,0,0,0,0,0,0,0,0,0,0,0.0,-0.12576392677722678,1.5961637426866133,-0.15803488531025342,0.1373605639486888,1,1.1917136341963126,0.0,0.0,NoPacker,0.0,0.0,-0.40455703566661105,0.7105991284306475,0.0,
1,80,2,4,0.1961161351381838,0.19611613513818388,256,8,0,1,1,1,1,0,0,1,1,0,0,0,0,0,0,1,2,25,-0.33083523628350975,-0.1615032603882555,-0.16525095987479674,-0.2372602224846842,-0.1636622188632721,-0.26113943083054875,1,1,1,1,0,-0.16315859055321313,0,4,0,1,1,-0.4266063921330201,2,0,0,0,0,0,0,0,0,0,0,0.0,-0.12576392677722678,1.5961637426866133,-0.15803488531025342,0.1373605639486888,1,1.1917136341963126,0.0,1.0,InnoSetupModule,0.0,0.0,-0.43791034738624673,0.6807408424001556,0.0,
2,80,2,4,0.1961161351381838,0.19611613513818388,256,8,0,1,1,1,1,0,0,1,1,0,0,0,0,0,0,1,2,25,-0.3195585421005781,-0.15901204940184954,-0.16525095987479674,-0.2306752052723311,-0.1636622188632721,-0.25501419007611836,1,1,1,5,0,-0.09939093875678243,0,5,0,1,1,-0.4266063921330201,2,0,0,0,0,0,0,0,1,0,0,0.0,-0.12576392677722678,1.5961637426866133,-0.15803488531025342,0.1373605639486888,1,1.1917136341963126,0.0,0.0,NoPacker,0.0,0.0,-0.20455502443952728,0.7247129530595322,0.0,
3,144,3,4,0.1961161351381838,0.19611613513818388,216,5,0,1,1,1,1,0,0,0,1,0,0,0,0,0,0,0,6,0,-0.34493110401217436,-0.15447942941269427,-0.16476611598274354,-0.24824174287097803,-0.1636622188632721,-0.2684897197358652,1,1,1,4,0,-0.09939093875678243,0,4,0,1,1,-0.4266063921330201,2,0,0,0,0,0,0,0,1,0,0,0.0,-0.12576392677722678,-0.6139091318025435,-0.15803488531025342,0.1373605639486888,1,-0.32842501729819623,0.0,0.0,NoPacker,0.0,0.0,-0.4568789931247816,0.6602326648197767,0.0,
4,96,1,4,0.1961161351381838,0.19611613513818388,96,4,0,1,1,0,0,0,0,0,1,0,0,0,0,0,0,0,8,0,-0.3161128855446823,-0.1590466495544385,-0.16525095987479674,-0.2298806821696761,-0.1636622188632721,-0.25378914192523233,1,1,1,4,0,-0.16315859055321313,0,4,0,1,1,-0.3450540321859787,2,0,0,0,0,0,0,0,0,0,0,0.0,-0.12576392677722678,-0.6139091318025435,-0.15803488531025342,0.1373605639486888,1,-0.8351379011296992,0.0,1.0,Armadillov171,0.0,0.0,-0.39257856934824925,0.700080535020322,0.0,
6,144,3,4,0.1961161351381838,0.19611613513818388,224,5,0,0,1,0,0,0,0,0,1,0,0,0,0,0,0,0,9,0,-0.185804419430805,-0.1528532222410126,-0.16525095987479674,-0.1905997155850632,-0.1636622188632721,-0.1900866380791563,1,1,1,5,0,-0.16315859055321313,0,5,0,1,1,-0.4086058439047998,2,1,0,1,0,0,0,0,1,0,0,0.0,-0.12576392677722678,-0.6139091318025435,-0.15803488531025342,0.1373605639486888,1,-0.32842501729819623,0.0,0.0,NoPacker,0.0,0.0,-0.4219546773937673,-1.2625820973944892,0.0,
7,80,2,4,0.1961161351381838,0.19611613513818388,256,8,0,1,1,1,1,0,0,1,1,0,0,0,0,0,0,1,2,25,-0.3195585421005781,-0.15160761674780965,-0.16525095987479674,-0.2306752052723311,-0.1636622188632721,-0.25501419007611836,1,1,1,5,0,-0.09939093875678243,0,5,0,1,1,1.2330514938369521,2,0,0,0,0,0,0,0,1,0,0,0.0,-0.12576392677722678,1.5961637426866133,-0.15803488531025342,0.1373605639486888,1,1.1917136341963126,0.0,0.0,NoPacker,0.0,0.0,1.2041385472040336,0.7307356141914765,0.0,
8,80,2,4,0.1961161351381838,0.19611613513818388,256,8,0,1,1,1,1,0,0,1,1,0,0,0,0,0,0,1,2,25,-0.33396765133432416,-0.13652195021901808,-0.16525095987479674,-0.2388657008031858,-0.1636622188632721,-0.26236447898143483,1,1,1,1,0,-0.09939093875678243,0,4,0,1,1,-0.4266063921330201,2,1,0,1,0,0,0,0,1,0,0,0.0,-0.12576392677722678,1.5961637426866133,-0.15803488531025342,0.1373605639486888,1,1.1917136341963126,0.0,0.0,NoPacker,0.0,0.0,0.23878410969828504,0.7276659118188774,0.0,
9,80,2,4,0.1961161351381838,0.19611613513818388,256,8,0,1,1,1,1,0,0,1,1,0,0,0,0,0,0,1,2,25,-0.3195585421005781,-0.15901204940184954,-0.16525095987479674,-0.2306752052723311,-0.1636622188632721,-0.25501419007611836,1,1,1,5,0,-0.09939093875678243,0,5,0,1,1,-0.4266063921330201,2,0,0,0,0,0,0,0,1,0,0,0.0,-0.12576392677722678,1.5961637426866133,-0.15803488531025342,0.1373605639486888,1,1.1917136341963126,0.0,0.0,NoPacker,0.0,0.0,-0.17346311149669508,0.7264164604052711,0.0,
10,144,3,4,0.1961161351381838,0.19611613513818388,264,4,0,1,1,1,1,0,0,0,1,0,0,0,0,0,0,0,6,0,-0.1638775140751045,-0.0405065267846222,-0.16525095987479674,-0.15866998956496167,-0.1636622188632721,-0.18028625287206768,1,1,1,4,0,-0.16315859055321313,0,4,0,1,1,-0.4266063921330201,2,0,0,0,0,0,0,0,0,0,0,0.0,-0.12576392677722678,-0.6139091318025435,-0.15803488531025342,0.1373605639486888,1,-0.8351379011296992,0.0,1.0,Armadillov171,0.0,0.0,-0.44203793853928547,-2.214177634126176,0.0,
11,144,3,4,0.1961161351381838,0.19611613513818388,128,3,0,0,1,1,1,0,0,0,1,0,0,0,0,0,0,0,8,0,0.2320597483478303,-0.16008465413210765,-0.16525095987479674,0.04368083394633669,-0.16172326322074979,0.014496403118818592,1,1,1,4,0,-0.16315859055321313,0,4,0,1,1,-0.3787820300773434,2,0,0,0,0,1,0,0,0,0,0,0.0,-0.12576392677722678,-0.6139091318025435,-0.15803488531025342,0.1373605639486888,1,-1.3418507849612022,0.0,1.0,NETexecutableMicrosoft,0.0,0.0,-0.42741800490841647,-1.0588799921147873,0.0,
13,144,3,4,0.1961161351381838,0.19611613513818388,216,5,0,1,1,1,1,0,0,0,1,0,0,0,0,0,0,0,6,0,-0.34493110401217436,-0.15447942941269427,-0.16476611598274354,-0.24824174287097803,-0.1636622188632721,-0.2684897197358652,1,1,1,4,0,-0.09939093875678243,0,4,0,1,1,-0.3661981108174914,2,0,0,0,0,0,0,0,1,0,0,0.0,-0.12576392677722678,-0.6139091318025435,-0.15803488531025342,0.1373605639486888,1,-0.32842501729819623,0.0,0.0,NoPacker,0.0,0.0,-0.41491268682896887,0.6999290341605486,0.0,
14,144,3,4,0.1961161351381838,0.19611613513818388,248,7,0,0,1,0,0,0,1,0,0,0,0,0,0,0,0,0,0,0,-0.3593402132459204,-0.1625758651185136,-0.16525095987479674,-0.2521550201977276,-0.16560117450579442,-0.2770650567920678,0,0,0,0,0,-0.16315859055321313,0,0,0,0,0,-0.4266063921330201,0,0,0,0,0,0,0,0,0,0,0,0.0,-2.2153799409219204,-1.3506000899655957,-1.8648116466609908,-7.280109889280518,1,0.6850007503648097,0.0,0.0,NoPacker,0.0,0.0,-0.12994165990507603,0.7181628500291571,1.0,
15,144,3,4,0.1961161351381838,0.19611613513818388,256,5,0,1,1,1,1,0,0,0,1,0,0,0,0,0,0,0,6,0,-0.28134307848064294,-0.15911584985961646,-0.16525095987479674,-0.21582361793101387,-0.1636622188632721,-0.2366384678128272,1,1,1,4,0,-0.16315859055321313,0,4,0,1,1,-0.4266063921330201,2,0,0,0,0,0,0,0,0,0,0,0.0,-0.12576392677722678,-0.6139091318025435,-0.15803488531025342,0.1373605639486888,1,-0.32842501729819623,0.0,1.0,Armadillov171,0.0,0.0,-0.3493605057982884,0.7039336857164944,0.0,
16,144,3,4,0.1961161351381838,0.19611613513818388,240,3,0,1,1,1,1,0,0,0,1,0,0,0,0,0,0,0,6,0,-0.31673936855484514,-0.15814704558712525,-0.0954334394191369,-0.18612470342587353,-0.0938598157324689,-0.2109124566442196,1,1,1,4,0,-0.16315859055321313,0,4,0,1,1,-0.41092855418989477,2,0,0,0,0,0,0,0,0,0,0,0.0,-0.12576392677722678,-0.6139091318025435,-0.15803488531025342,0.1373605639486888,1,-1.3418507849612022,0.0,1.0,UPXv20MarkusLaszloReiser,0.0,0.0,-0.45743855348673523,0.63373139723033,0.0,
17,80,2,4,0.1961161351381838,0.19611613513818388,256,10,0,1,1,1,1,0,0,1,1,0,0,0,0,0,0,1,2,25,0.058210713027633455,-0.15053501201755154,-0.16525095987479674,-0.0428512827176189,-0.1636622188632721,-0.07003191929232074,1,1,1,6,0,-0.09939093875678243,0,6,0,1,1,0.28277466921209177,2,1,0,1,0,0,0,0,1,0,0,0.0,-0.12576392677722678,1.5961637426866133,-0.15803488531025342,0.1373605639486888,1,2.2051394018593187,0.0,0.0,NoPacker,0.0,0.0,0.24288557001316496,0.7088171127758557,0.0,
18,144,3,4,0.1961161351381838,0.19611613513818388,288,5,0,0,1,0,0,0,1,0,1,0,0,0,0,0,0,0,14,33,1.0646556688542865,-0.08392971828378142,-0.16525095987479674,0.2934166988296503,-0.1636622188632721,0.42121238921299625,1,1,1,6,0,-0.16315859055321313,0,6,0,1,1,0.9715430406539385,2,1,0,1,0,0,0,0,1,0,0,0.0,-0.12576392677722678,-0.6139091318025435,-0.15803488531025342,0.1373605639486888,1,-0.32842501729819623,0.0,0.0,NoPacker,0.0,0.0,0.9406647300890688,0.26125897718279717,0.0,
19,128,1,4,-5.099019513592785,-5.099019513592785,256,6,0,0,1,0,0,0,1,0,1,0,0,0,0,0,0,0,14,29,-0.2669339692468969,7.26624989649661,-0.16525095987479674,-0.2500176282892448,-0.1636622188632721,-0.23051322705839683,1,1,1,6,0,7.276400785697036,2,6,0,1,1,4.47689185164986,2,1,0,1,0,0,0,0,1,0,0,1.0,-0.12576392677722678,-0.6139091318025435,-0.15803488531025342,0.1373605639486888,1,0.17828786653330672,0.0,0.0,NoPacker,0.0,0.0,4.487104961198653,0.7243417365900403,0.0,
20,80,2,4,0.1961161351381838,0.19611613513818388,256,10,0,1,1,1,1,0,0,1,1,0,0,0,0,0,0,1,2,25,0.09423348611199857,-0.1567630394835664,-0.16525095987479674,-0.02539307534667983,-0.1636622188632721,-0.05288124517991565,1,1,1,6,0,-0.09939093875678243,0,6,0,1,1,3.540749334802827,2,1,0,1,0,0,0,0,1,0,0,0.0,-0.12576392677722678,1.5961637426866133,-0.15803488531025342,0.1373605639486888,1,2.2051394018593187,0.0,0.0,NoPacker,0.0,0.0,3.538274043830478,0.7320812622830621,0.0,
21,144,3,4,0.1961161351381838,0.19611613513818388,128,6,0,1,1,1,1,0,0,0,1,1,0,0,0,0,0,0,2,22,-0.3480635190629887,-0.15537903338000753,-0.14779657976088179,-0.2507089942368634,-0.1636622188632721,-0.2697147678867513,1,1,1,4,0,-0.15253064858714135,0,4,0,1,1,-0.4185338438228397,2,1,0,1,0,1,0,0,0,0,0,0.0,1.9638520873674665,-0.6139091318025435,-0.15803488531025342,0.1373605639486888,1,0.17828786653330672,0.0,1.0,MinGWGCC3x,0.0,0.0,-0.4456262432565284,0.18485166973406106,0.0,
22,144,3,4,0.1961161351381838,0.19611613513818388,304,3,0,0,1,0,0,0,0,0,1,0,0,0,0,0,0,0,14,0,4.078665430747862,-0.15648623826285463,7.175285565810552,6.669737553293938,7.1752848880836755,6.530527517681863,1,1,1,6,0,-0.16315859055321313,0,6,0,1,1,-0.0966189797841186,2,1,0,1,0,0,0,0,1,0,0,0.0,-0.12576392677722678,-0.6139091318025435,-0.15803488531025342,0.1373605639486888,1,-1.3418507849612022,0.0,0.0,NoPacker,0.0,0.0,-0.14205807902764894,0.630821200085524,0.0,
23,120,1,4,-5.099019513592785,-5.099019513592785,120,3,0,0,1,0,0,0,1,0,1,0,0,0,0,0,0,0,14,0,1.3547173025596961,-0.16008465413210765,1.079828154917804,1.4013440190177033,1.0811473036360517,1.3485738394337565,1,1,1,5,1,-0.16315859055321313,0,5,1,1,1,-0.2994290636714716,2,1,0,1,0,0,0,0,1,0,0,0.0,-0.12576392677722678,-0.6139091318025435,-0.15803488531025342,0.1373605639486888,1,-1.3418507849612022,0.0,1.0,UPXV200V290MarkusOberhumerLaszloMolnarJohnReiser,0.0,0.0,-0.3449490796790413,0.3734093003552133,0.0,
24,144,3,4,0.1961161351381838,0.19611613513818388,88,4,0,1,1,1,1,0,0,0,1,0,0,0,0,0,0,0,6,0,-0.35056945110364024,-0.1610188582520099,-0.16525095987479674,-0.24666304281101092,-0.1636622188632721,-0.2709398160376374,1,1,1,4,0,-0.16315859055321313,0,4,0,1,1,-0.4239977241690718,2,0,0,0,0,0,0,0,0,0,0,0.0,-0.12576392677722678,-0.6139091318025435,-0.15803488531025342,0.1373605639486888,1,-0.8351379011296992,0.0,0.0,NoPacker,0.0,0.0,-0.47158705075468293,-1.5076343277522597,0.0,
25,144,3,4,0.1961161351381838,0.19611613513818388,128,3,0,0,1,0,0,0,1,0,1,0,0,0,0,0,0,0,48,0,0.06635499215975078,-0.15980785291139588,-0.16525095987479674,-0.03794416684116761,-0.16172326322074979,-0.2770650567920678,1,1,1,4,0,-0.16315859055321313,0,6,0,1,1,-0.4266063921330201,2,1,0,1,0,1,0,0,1,1,0,0.0,-0.12576392677722678,-0.6139091318025435,-0.15803488531025342,0.1373605639486888,1,-1.3418507849612022,0.0,1.0,NETexecutableMicrosoft,0.0,0.0,-0.44000802294603414,0.16994967953472562,0.0,
26,144,3,4,0.1961161351381838,0.19611613513818388,216,5,0,1,1,1,1,0,0,0,1,0,0,0,0,0,0,0,6,0,-0.3433648964867672,-0.13361553740154447,-0.15749345760194566,-0.24796057115636552,-0.1636622188632721,-0.26726467158497913,1,1,1,4,0,-0.09939093875678243,0,4,0,1,1,0.8507931020203214,2,1,0,1,0,1,0,0,1,0,0,0.0,-0.12576392677722678,-0.6139091318025435,-0.15803488531025342,0.1373605639486888,1,-0.32842501729819623,0.0,0.0,NoPacker,0.0,0.0,0.8173037463312257,0.7330828841683789,0.0,
27,80,2,4,0.1961161351381838,0.19611613513818388,256,9,0,0,1,1,1,0,0,1,1,0,0,0,0,0,0,1,2,25,0.02156145693310547,-0.14932400667693752,-0.16525095987479674,-0.06080001909716764,-0.1636622188632721,-0.08840764155561188,1,1,1,5,0,-0.16315859055321313,0,5,0,1,1,-0.4266063921330201,2,0,0,0,0,0,0,0,0,0,0,0.0,-0.12576392677722678,1.5961637426866133,-0.15803488531025342,0.1373605639486888,1,1.6984265180278155,0.0,1.0,BobSoftMiniDelphiBoBBobSoft,0.0,0.0,-0.4362942000992902,-1.3768592817911236,0.0,
28,144,3,4,0.1961161351381838,0.19611613513818388,128,7,0,1,1,1,1,0,0,0,1,1,0,0,0,0,0,0,2,34,-0.33584710036481275,-0.1597732527588069,-0.10319094169198799,-0.24668008352098744,-0.1636622188632721,-0.2635895271323209,1,1,1,4,0,-0.09939093875678243,0,4,0,1,1,1.5124866566200068,2,1,0,1,0,0,0,0,1,0,0,0.0,1.9638520873674665,-0.6139091318025435,-0.15803488531025342,0.1373605639486888,1,0.6850007503648097,0.0,0.0,NoPacker,0.0,0.0,1.4877042756730103,0.7329664518158041,0.0,
29,80,2,4,0.1961161351381838,0.19611613513818388,256,8,0,1,1,1,1,0,0,1,1,0,0,0,0,0,0,1,2,25,-0.3195585421005781,-0.14105457020817333,-0.16525095987479674,-0.2306752052723311,-0.1636622188632721,-0.25501419007611836,1,1,1,5,0,-0.09939093875678243,0,5,0,1,1,-0.13875465003695964,2,1,0,1,0,0,0,0,1,0,0,0.0,-0.12576392677722678,1.5961637426866133,-0.15803488531025342,0.1373605639486888,1,1.1917136341963126,0.0,0.0,NoPacker,0.0,0.0,-0.18265603046732196,0.6667205023550863,0.0,
30,80,2,4,0.1961161351381838,0.19611613513818388,256,8,0,1,1,1,1,0,0,1,1,0,0,0,0,0,0,1,2,25,-0.3336544098292427,-0.1613648597778996,-0.16525095987479674,-0.2388486600932093,-0.1636622188632721,-0.26236447898143483,1,1,1,1,0,-0.09939093875678243,0,4,0,1,1,0.05355810159059035,2,1,0,1,0,0,0,0,1,0,0,0.0,-0.12576392677722678,1.5961637426866133,-0.15803488531025342,0.1373605639486888,1,1.1917136341963126,0.0,0.0,NoPacker,0.0,0.0,0.01058494175834037,0.7326932904177317,0.0,
31,144,3,4,0.1961161351381838,0.19611613513818388,368,5,0,0,1,0,0,0,0,0,1,0,0,0,0,0,0,0,14,29,5.492011101675299,0.26985684193845205,-0.16525095987479674,2.234088521254835,-0.1636622188632721,2.5846474236778088,1,1,1,5,1,-0.16315859055321313,0,5,1,1,1,0.286409150783688,2,1,0,1,0,0,0,0,1,0,0,0.0,-0.12576392677722678,-0.6139091318025435,-0.15803488531025342,0.1373605639486888,1,-0.32842501729819623,0.0,1.0,MoleBoxv20,0.0,0.0,0.2465874988232297,-1.0727882497404675,0.0,
32,144,3,4,0.1961161351381838,0.19611613513818388,272,5,0,0,1,0,0,0,0,0,1,0,0,0,0,0,0,0,14,16,-0.2277787811117174,-0.08081570455077398,-0.16525095987479674,-0.2268325251726271,-0.1636622188632721,-0.2109124566442196,1,1,1,6,0,-0.16315859055321313,0,6,0,1,1,-0.36177990658081793,2,1,0,1,0,0,0,0,1,0,0,1.0,-0.12576392677722678,-0.6139091318025435,-0.15803488531025342,0.1373605639486888,1,-0.32842501729819623,0.0,0.0,NoPacker,0.0,0.0,-0.40808983487935097,0.0627932172602686,0.0,
33,144,3,4,0.1961161351381838,0.19611613513818388,256,5,0,0,1,0,0,0,0,0,1,0,0,0,0,0,0,0,14,29,-0.2970051537347147,-0.07908569692132542,-0.16525095987479674,-0.2439283131581728,-0.1636622188632721,-0.24521380486902977,1,1,1,5,1,-0.16315859055321313,0,5,1,1,1,-0.36421132620933,2,1,0,1,0,0,0,0,1,0,0,0.0,-0.12576392677722678,-0.6139091318025435,-0.15803488531025342,0.1373605639486888,1,-0.32842501729819623,0.0,0.0,NoPacker,0.0,0.0,-0.4116061446321493,0.5848785872158495,0.0,
34,144,3,4,0.1961161351381838,0.19611613513818388,272,4,0,1,1,0,0,0,1,0,1,0,0,0,0,0,0,0,9,0,-0.03826767053744876,-0.15430642864974942,-0.16525095987479674,-0.22449551351870511,-0.1636622188632721,-0.11780879717687774,1,1,1,5,0,-0.16315859055321313,0,5,0,1,1,-0.3873573758013618,2,0,0,0,0,0,0,0,1,0,0,0.0,6.143084115656854,-0.6139091318025435,4.962295398741959,0.1373605639486888,1,-0.8351379011296992,0.0,0.0,NoPacker,0.0,0.0,-0.4341528680185098,-0.7958897113472634,0.0,
35,80,2,4,0.1961161351381838,0.19611613513818388,256,8,0,1,1,1,1,0,0,1,1,0,0,0,0,0,0,1,2,25,-0.3195585421005781,-0.15897744924926058,-0.16525095987479674,-0.2306752052723311,-0.1636622188632721,-0.25501419007611836,1,1,1,5,0,-0.09939093875678243,0,5,0,1,1,-0.26788536203843405,2,0,0,0,0,0,0,0,1,0,0,0.0,-0.12576392677722678,1.5961637426866133,-0.15803488531025342,0.1373605639486888,1,1.1917136341963126,0.0,0.0,NoPacker,0.0,0.0,-0.3133206735969061,0.7135060089113782,0.0,
36,144,3,4,0.1961161351381838,0.19611613513818388,280,6,0,0,1,0,0,0,1,0,1,0,0,0,0,0,0,0,14,16,-0.27633121439933994,-0.1540988277342156,-0.16525095987479674,-0.25089887643374453,-0.1636622188632721,-0.23418837151105507,1,1,1,5,1,-0.16315859055321313,0,5,1,1,1,-0.41224669394673963,2,1,0,1,0,0,0,0,1,0,0,1.0,-0.12576392677722678,-0.6139091318025435,-0.15803488531025342,0.1373605639486888,1,0.17828786653330672,0.0,0.0,NoPacker,0.0,0.0,-0.4611282278347668,-1.799573371288296,0.0,
37,144,3,4,0.1961161351381838,0.19611613513818388,216,5,0,1,1,1,1,0,0,0,1,0,0,0,0,0,0,0,6,0,-0.34305165498168577,-0.1529916228513685,-0.16428127209069038,-0.247928924123552,-0.1636622188632721,-0.26726467158497913,1,1,1,4,0,-0.09939093875678243,0,4,0,1,1,3.016493605083325,2,1,0,1,0,1,0,0,1,0,0,0.0,-0.12576392677722678,-0.6139091318025435,-0.15803488531025342,0.1373605639486888,1,-0.32842501729819623,0.0,0.0,NoPacker,0.0,0.0,3.0074305719500773,0.7325195699295737,0.0,
38,80,2,4,0.1961161351381838,0.19611613513818388,256,8,0,1,1,1,1,0,0,1,1,0,0,0,0,0,0,1,2,25,-0.3361603418698942,-0.1613648597778996,-0.16525095987479674,-0.24006950524366957,-0.1636622188632721,-0.2635895271323209,1,1,1,1,0,-0.09939093875678243,0,4,0,1,1,-0.4266063921330201,2,0,0,0,0,0,0,0,1,0,0,0.0,-0.12576392677722678,1.5961637426866133,-0.15803488531025342,0.1373605639486888,1,1.1917136341963126,0.0,0.0,NoPacker,0.0,0.0,-0.36809748814059423,0.7258223706384584,0.0,
39,80,2,4,0.1961161351381838,0.19611613513818388,256,8,0,1,1,1,1,0,0,1,1,0,0,0,0,0,0,1,2,25,-0.3336544098292427,-0.16146866023566653,-0.16525095987479674,-0.23874276425264096,-0.1636622188632721,-0.26236447898143483,1,1,1,1,0,-0.09939093875678243,0,4,0,1,1,-0.4266063921330201,2,0,0,0,0,0,0,0,1,0,0,0.0,-0.12576392677722678,1.5961637426866133,-0.15803488531025342,0.1373605639486888,1,1.1917136341963126,0.0,0.0,NoPacker,0.0,0.0,-0.4578613774800472,0.5765868506893276,0.0,
40,144,3,4,0.1961161351381838,0.19611613513818388,264,5,0,0,1,0,0,0,0,0,1,0,0,0,0,0,0,0,14,20,-0.3010772933007734,-0.07458767708475912,-0.16525095987479674,-0.24599662933157224,-0.1636622188632721,-0.24643885301991583,1,1,1,5,1,-0.16315859055321313,0,5,1,1,1,-0.3612602304938316,2,1,0,1,0,0,0,0,1,0,0,0.0,-0.12576392677722678,-0.6139091318025435,-0.15803488531025342,0.1373605639486888,1,-0.32842501729819623,0.0,0.0,NoPacker,0.0,0.0,-0.4089260217004346,0.6123430237663857,0.0,
41,144,3,4,0.1961161351381838,0.19611613513818388,216,3,0,1,1,1,1,0,0,0,1,0,0,0,0,0,0,0,6,0,-0.34430462100201153,-0.16202226267709005,0.01317159240077843,-0.13003642373174593,0.014721700248780514,-0.15578528985434614,1,1,1,4,0,-0.09939093875678243,0,4,0,1,1,0.012169145619221606,2,1,0,1,0,1,0,0,1,0,0,0.0,-0.12576392677722678,-0.6139091318025435,-0.15803488531025342,0.1373605639486888,1,-1.3418507849612022,0.0,1.0,UPXv20MarkusLaszloReiser,0.0,0.0,-0.030441195001784122,0.73309347373655,0.0,
42,144,3,4,0.1961161351381838,0.19611613513818388,128,3,0,0,1,0,0,0,0,0,1,0,0,0,0,0,0,0,48,0,-0.32676309671745113,-0.16233366405039082,-0.16525095987479674,-0.23361290195292522,-0.16172326322074979,-0.25746428637789054,1,1,1,4,0,-0.16315859055321313,0,6,0,1,1,-0.4266063921330201,2,1,0,1,0,1,0,0,1,1,0,0.0,-0.12576392677722678,-0.6139091318025435,-0.15803488531025342,0.1373605639486888,1,-1.3418507849612022,0.0,1.0,NETexecutableMicrosoft,0.0,0.0,-0.470641294626009,-0.819229174153892,0.0,
43,144,3,4,0.1961161351381838,0.19611613513818388,264,6,0,0,1,0,0,0,0,0,1,0,0,0,0,0,0,0,14,0,-0.24406733937595207,-0.14465298607742638,-0.16525095987479674,-0.21642156427215406,-0.1636622188632721,-0.21948779370042215,1,1,1,5,1,-0.16315859055321313,0,5,1,1,1,0.19827041192391426,2,1,0,1,0,0,0,0,1,0,0,0.0,-0.12576392677722678,-0.6139091318025435,-0.15803488531025342,0.1373605639486888,1,0.17828786653330672,0.0,0.0,NoPacker,0.0,0.0,0.15875796730507127,0.7146717040816232,0.0,
44,80,2,4,0.1961161351381838,0.19611613513818388,256,8,0,1,1,1,1,0,0,1,1,0,0,0,0,0,0,1,2,25,-0.3364735833749756,-0.16122645916754372,-0.16525095987479674,-0.24013158211572688,-0.1636622188632721,-0.2635895271323209,1,1,1,1,0,-0.09939093875678243,0,4,0,1,1,-0.4266063921330201,2,0,0,0,0,0,0,0,1,0,0,0.0,-0.12576392677722678,1.5961637426866133,-0.15803488531025342,0.1373605639486888,1,1.1917136341963126,0.0,0.0,NoPacker,0.0,0.0,-0.42674761375013387,0.7049529672517459,0.0,
45,144,3,4,0.1961161351381838,0.19611613513818388,200,5,0,1,1,1,1,0,0,0,1,0,0,0,0,0,0,0,6,0,-0.34430462100201153,-0.1514346159848648,-0.16476611598274354,-0.24832512063050596,-0.1636622188632721,-0.2684897197358652,1,1,1,4,0,-0.09939093875678243,0,4,0,1,1,-0.4266063921330201,2,0,0,0,0,0,0,0,1,0,0,0.0,-0.12576392677722678,-0.6139091318025435,-0.15803488531025342,0.1373605639486888,1,-0.32842501729819623,0.0,0.0,NoPacker,0.0,0.0,-0.46991422658082327,-1.434442806225588,0.0,
46,144,3,4,0.1961161351381838,0.19611613513818388,272,7,0,0,1,0,0,0,0,0,1,0,0,0,0,0,0,0,14,14,0.0892216220306956,-0.147524798742311,-0.16525095987479674,-0.24809689683617764,-0.1636622188632721,-0.05655638963257388,1,1,1,6,0,-0.16315859055321313,0,6,0,1,1,-0.4266063921330201,2,1,0,1,0,0,0,0,1,0,0,0.0,-0.12576392677722678,-0.6139091318025435,-0.15803488531025342,0.1373605639486888,1,0.6850007503648097,0.0,1.0,MicrosoftVisualCV80Debug,0.0,0.0,-0.43117327667086064,-3.159000093070647,1.0,
47,144,3,4,0.1961161351381838,0.19611613513818388,128,6,0,0,1,0,0,0,0,0,1,0,0,0,0,0,0,0,14,12,-0.2985713612601219,-0.15915045001220543,-0.16525095987479674,-0.22064948613668428,-0.1636622188632721,-0.24521380486902977,1,1,1,5,1,-0.16315859055321313,0,5,1,1,1,-0.4184767947982935,2,1,0,1,0,0,0,0,1,0,0,0.0,-0.12576392677722678,-0.6139091318025435,4.962295398741959,0.1373605639486888,1,0.17828786653330672,0.0,0.0,NoPacker,0.0,0.0,-0.46614318620914524,-0.42498172798081724,1.0,
48,144,3,4,0.1961161351381838,0.19611613513818388,232,4,0,1,1,0,0,0,0,0,1,0,0,0,0,0,0,0,9,0,-0.28478873503653873,-0.1502236106442508,-0.16525095987479674,-0.23465116806792286,-0.1636622188632721,-0.2390885641145994,1,1,1,5,0,-0.16315859055321313,0,5,0,1,1,-0.4106488313771121,3,0,0,1,0,0,0,0,1,0,0,0.0,-0.12576392677722678,-0.6139091318025435,-0.15803488531025342,0.1373605639486888,1,-0.8351379011296992,0.0,0.0,NoPacker,0.0,0.0,-0.45937259593584506,-0.6886310936976056,1.0,
49,144,3,4,0.1961161351381838,0.19611613513818388,240,4,0,0,1,0,0,0,0,0,1,0,0,0,0,0,0,0,9,0,-0.25471755054872086,-0.1294635190908679,-0.16525095987479674,-0.2459753284441016,-0.1636622188632721,-0.22438798630396645,1,1,1,5,0,-0.16315859055321313,0,5,0,1,1,-0.414326288989838,2,0,0,0,0,0,0,0,1,0,0,0.0,-0.12576392677722678,-0.6139091318025435,-0.15803488531025342,0.1373605639486888,1,-0.8351379011296992,0.0,0.0,NoPacker,0.0,0.0,-0.4634212539363764,-0.517110166710805,1.0,
50,144,3,4,0.1961161351381838,0.19611613513818388,128,3,0,0,1,0,0,0,0,0,1,0,0,0,0,0,0,0,11,0,-0.317365851565008,-0.16247206466074668,-0.16525095987479674,-0.22889262528943072,-0.16172326322074979,-0.25256409377434624,1,1,1,4,0,-0.16315859055321313,0,4,0,1,1,-0.4266063921330201,2,1,0,1,0,1,0,0,1,0,0,0.0,-0.12576392677722678,-0.6139091318025435,-0.15803488531025342,0.1373605639486888,1,-1.3418507849612022,0.0,1.0,NETexecutableMicrosoft,0.0,0.0,-0.47004154683709387,-2.764070655743018,1.0,
51,144,3,4,0.1961161351381838,0.19611613513818388,240,4,0,0,1,0,0,0,0,0,1,0,0,0,0,0,0,0,9,0,-0.25471755054872086,-0.1294635190908679,-0.16525095987479674,-0.2459753284441016,-0.1636622188632721,-0.22438798630396645,1,1,1,5,0,-0.16315859055321313,0,5,0,1,1,-0.41655503093629714,2,0,0,0,0,0,0,0,1,0,0,0.0,-0.12576392677722678,-0.6139091318025435,-0.15803488531025342,0.1373605639486888,1,-0.8351379011296992,0.0,0.0,NoPacker,0.0,0.0,-0.4634212539363764,-0.5162620234712615,1.0,
52,144,3,4,0.1961161351381838,0.19611613513818388,232,4,0,0,1,0,0,0,0,0,1,0,0,0,0,0,0,0,9,0,-0.25471755054872086,-0.1294635190908679,-0.16525095987479674,-0.2459753284441016,-0.1636622188632721,-0.22438798630396645,1,1,1,5,0,-0.16315859055321313,0,5,0,1,1,-0.41531496060960804,2,0,0,1,0,0,0,0,1,0,0,0.0,-0.12576392677722678,-0.6139091318025435,-0.15803488531025342,0.1373605639486888,1,-0.8351379011296992,0.0,0.0,NoPacker,0.0,0.0,-0.4634212539363764,-0.5283219872412118,1.0,
53,144,3,4,0.1961161351381838,0.19611613513818388,240,4,0,0,1,0,0,0,0,0,1,0,0,0,0,0,0,0,9,0,-0.25409106753855804,-0.1294635190908679,-0.16525095987479674,-0.2459753284441016,-0.1636622188632721,-0.22438798630396645,1,1,1,5,0,-0.16315859055321313,0,5,0,1,1,-0.4167674617302748,2,0,0,1,0,0,0,0,1,0,0,0.0,-0.12576392677722678,-0.6139091318025435,-0.15803488531025342,0.1373605639486888,1,-0.8351379011296992,0.0,0.0,NoPacker,0.0,0.0,-0.46337511949107524,-0.5055387168086053,1.0,
54,144,3,4,0.1961161351381838,0.19611613513818388,224,5,0,0,1,0,0,0,0,0,1,0,0,0,0,0,0,0,14,13,-0.34367813799184865,-0.11797626843132936,-0.16525095987479674,-0.24386836637486256,-0.1636622188632721,-0.26726467158497913,1,1,1,10,0,-0.056879170892495286,0,6,0,1,1,-0.39593601709744614,2,1,0,1,0,0,0,0,1,0,0,1.0,-1.692975937385747,0.12278182636050876,-0.15803488531025342,0.1373605639486888,1,-0.32842501729819623,0.0,0.0,NoPacker,0.0,0.0,-0.44229167798844193,0.5523223856576714,1.0,
55,144,3,4,0.1961161351381838,0.19611613513818388,128,4,0,1,1,0,0,0,0,0,1,0,0,0,0,0,0,0,14,34,0.35516365984483456,-0.16240286435556875,-0.16525095987479674,-0.24551249058920377,-0.1636622188632721,0.07452376251223637,1,1,1,4,0,-0.12064682268892599,0,4,0,1,1,-0.4266063921330201,2,0,0,1,0,0,0,0,1,0,0,0.0,-0.12576392677722678,-0.6139091318025435,-0.15803488531025342,0.1373605639486888,1,-0.8351379011296992,0.0,0.0,NoPacker,0.0,0.0,-0.42044701813833935,0.6645478069384484,1.0,
0,144,3,4,65535.0,184.0,224,5,0,0,1,0,0,0,0,0,1,0,0,0,0,0,0,0,14,13,25600.0,1137152.0,0.0,27232.0,4096.0,32768.0,1,1,1,10,0,10.0,0,6,0,1,1,1183134.0,2,1,0,1,0,0,0,0,1,0,0,1.0,262144.0,8192.0,1048576.0,4096.0,1,5.0,0.0,0.0,NoPacker,0.0,0.0,1163776.0,7.9471415260403395,1.0,0.0
1,144,3,4,65535.0,184.0,232,4,0,0,1,0,0,0,0,0,1,0,0,0,0,0,0,0,9,0,171008.0,489984.0,0.0,20308.0,4096.0,176128.0,1,1,1,5,0,0.0,0,5,0,1,1,229846.0,2,0,0,1,0,0,0,0,1,0,0,0.0,1048576.0,4096.0,1048576.0,4096.0,1,4.0,0.0,0.0,NoPacker,0.0,0.0,217600.0,7.214922136775923,1.0,0.0
2,144,3,4,65535.0,184.0,256,5,0,0,1,0,0,0,0,0,1,0,0,0,0,0,0,0,14,32,115200.0,207360.0,0.0,23155.0,4096.0,122880.0,1,1,1,6,0,0.0,0,6,0,1,1,0.0,2,1,0,1,0,0,0,0,1,0,0,0.0,1048576.0,4096.0,1048576.0,4096.0,1,5.0,0.0,0.0,NoPacker,0.0,0.0,1052064.0,2.933601848834179,1.0,0.0
3,144,3,4,65535.0,184.0,232,4,0,1,1,0,0,0,0,0,1,0,0,0,0,0,0,0,9,0,121856.0,215552.0,0.0,57458.0,4096.0,126976.0,1,1,1,5,0,0.0,0,5,0,1,1,360679.0,3,0,0,1,0,0,0,0,1,0,0,0.0,1048576.0,4096.0,1048576.0,4096.0,1,4.0,0.0,0.0,NoPacker,0.0,0.0,340232.0,7.061653075486176,1.0,0.0
4,80,2,4,65535.0,184.0,256,8,0,0,1,1,1,0,0,1,1,0,0,0,0,0,0,1,2,25,36864.0,20992.0,0.0,39116.0,4096.0,40960.0,1,1,1,1,0,0.0,0,4,0,1,1,0.0,2,0,0,0,0,0,0,0,1,0,0,0.0,1048576.0,16384.0,1048576.0,4096.0,1,8.0,0.0,0.0,NoPacker,0.0,0.0,2856081.0,7.996899156204831,1.0,0.0
7,144,3,4,65535.0,184.0,240,4,0,0,1,0,0,0,0,0,1,0,0,0,0,0,0,0,9,0,298496.0,489984.0,0.0,20308.0,4096.0,303104.0,1,1,1,5,0,0.0,0,5,0,1,1,405224.0,2,0,0,0,0,0,0,0,1,0,0,0.0,1048576.0,4096.0,1048576.0,4096.0,1,4.0,0.0,0.0,NoPacker,0.0,0.0,345088.0,7.609048199774379,1.0,0.0
